auc_roc,auc_pr,precision,recall,f1,brier,ece_10,latency_mean,latency_p50,latency_p95,latency_p99,throughput_eps,burn_rate_alerts,score_std,score_min,score_max,score_finite_frac,dataset,method,seed,threshold,n_test,uses_fallback
0.9982057304047245,0.9430559308750308,0.9756133609222584,0.45147390739347515,0.617290877635947,0.014835446463523522,0.04405865592626865,0.0057479957646347,0.0,0.0,0.0,568.9576672057065,215183,0.16895434541693102,0.000249994850072016,1.0,1.0,litnet2020,bocpd_slo,11,0.6551724137931034,225000,False
0.8634764585040372,0.23884028125977824,0.2924903682182783,0.31673620135421654,0.3041308202534971,0.6488560990855438,0.7696167116987719,0.13182247403210576,0.0,1.0,1.0,44.16573362269053,224302,0.033822175950368634,0.7404698387121386,0.9669688075074387,1.0,litnet2020,hst,11,0.8874569741359579,225000,False
0.6001004302617128,0.08599335112339246,0.0786214417895036,0.9269543806853157,0.14494877114928023,0.07091707812348609,0.09769794641023012,0.0750263435194942,0.0,1.0,1.0,539.8998006689177,224941,18.810589303126918,0.045150495870543844,2821.8020135203083,1.0,litnet2020,kitnet,11,0.11471350924303853,225000,False
0.8400651367387244,0.4387148563452565,0.5544323483670296,0.390123794542097,0.4579870729455217,0.5317750118965755,0.6879119705408228,0.04316172646905876,0.0,0.0,1.0,90.66012992579577,223473,0.028661863550385427,0.42726764535871686,0.8615038454831117,1.0,litnet2020,loda,11,0.7840864000185667,225000,False
0.5473300302925889,0.07487889105983733,0.07660012491036525,0.45297859243553795,0.13104082783455182,0.6135579681795172,0.7406454151007622,0.3237189646064448,0.0,1.0,1.0,17.225988676083222,224924,0.07597543902977559,0.4905532527809805,0.99609375,1.0,litnet2020,rrcf,11,0.8258790063084454,225000,False
0.7960480465126887,0.13988679551952327,0.15942553506506327,0.6628137610286574,0.25702843199660513,0.1230488545001489,0.25408697356189863,0.1119472315124489,0.0,1.0,1.0,53.81758902902506,224841,0.025360568291816515,0.2674539768203478,0.42341143966996286,1.0,litnet2020,iforest_asd,11,0.334309401923888,225000,False
0.5085413699482366,0.09923389644436229,0.06672241120465214,0.9605362150331714,0.12477732613669176,0.06287906578297153,0.06041595374293955,0.03917569278379519,0.0,0.0,1.0,207.27163537398238,224941,0.023489580320242523,7.416277703530301e-16,0.3034747808346104,1.0,litnet2020,lof_batch_ref,11,3.1077404857929427e-15,225000,False
0.7367741472468452,0.22914306891157404,0.3092113408443729,0.34163189932289173,0.3246141348497157,0.11536802757282079,0.23072125230562124,0.10012697261019408,0.0,1.0,1.0,10476.761336716463,224082,0.1279022062051293,0.0,1.0,1.0,litnet2020,ecod_batch_ref,11,0.48520872209564225,225000,False
0.7799536395399809,0.2081268016942385,0.1980234598688464,0.4399151904794474,0.27310942210521844,0.11483625813428054,0.232756148979149,0.11835381853335175,0.0,1.0,1.0,11108.48771857706,224368,0.1250554832121459,0.0,1.0,1.0,litnet2020,copod_batch_ref,11,0.4333792877629012,225000,False
